{"cameraMode":{"drawMode":0,"name":"Shaded","section":"Shading Mode"},"sceneLighting":false,"audioPlay":false,"sceneViewState":{"m_AlwaysRefresh":false,"showFog":true,"showSkybox":true,"showFlares":true,"showImageEffects":true,"showParticleSystems":true,"showVisualEffectGraphs":true,"m_FxEnabled":true},"in2DMode":false,"pivot":{"x":2.7748405933380129,"y":4.701337814331055,"z":-13.438176155090332},"rotation":{"x":0.0006278029759414494,"y":0.9992805123329163,"z":0.03267831727862358,"w":-0.019187917932868005},"size":12.725380897521973,"orthographic":false}